Title,NSSBusinessStream,NSSBusinessUnit,NSSReportingUnit
1215-Build Scotland & North East,S004-Build UK,B007-Build Scotland & North East,1215-Build Scotland & North East
C&IS Building UK Scotland - Aberdeen,S004-Build UK,B007-Build Scotland & North East,C&IS Building UK Scotland - Aberdeen
C&IS Building UK Scotland - Newcastle,S004-Build UK,B007-Build Scotland & North East,C&IS Building UK Scotland - Newcastle
C&IS Building UK Northern - Leeds,S004-Build UK,B008-Build Northern,C&IS Building UK Northern - Leeds
C&IS Building UK Northern - Liverpool,S004-Build UK,B008-Build Northern,C&IS Building UK Northern - Liverpool
C&IS Building UK Northern - Manchester,S004-Build UK,B008-Build Northern,C&IS Building UK Northern - Manchester
C&IS Building UK Northern - Mgmt & Overheads,S004-Build UK,B008-Build Northern,C&IS Building UK Northern - Mgmt & Overheads
C&IS Building UK Northern - Mgmt & Overheads,S004-Build UK,B008-Build Northern,C&IS Building UK Northern - Mgmt & Overheads
1220-Build Central,S004-Build UK,B009-Build Central,1220-Build Central
C&IS Building UK Central - Cheltenham,S004-Build UK,B009-Build Central,C&IS Building UK Central - Cheltenham
C&IS Building UK Central - Newbury,S004-Build UK,B009-Build Central,C&IS Building UK Central - Newbury
C&IS Building UK Central - Nottingham,S004-Build UK,B009-Build Central,C&IS Building UK Central - Nottingham
1170-Build Eastern,S004-Build UK,B010-Build Eastern,1170-Build Eastern
C&IS Building UK Eastern - Norwich,S004-Build UK,B010-Build Eastern,C&IS Building UK Eastern - Norwich
C&IS Building UK Eastern - Rushden,S004-Build UK,B010-Build Eastern,C&IS Building UK Eastern - Rushden
C&IS Building UK Eastern - Witham,S004-Build UK,B010-Build Eastern,C&IS Building UK Eastern - Witham
1243-Build Centre,S004-Build UK,B011-Build Centre,1243-Build Centre
C&IS Building UK Mgmt & Overheads - Mgmt & Overheads,S004-Build UK,B011-Build Centre,C&IS Building UK Mgmt & Overheads - Mgmt & Overheads
1226-Build London,S004-Build UK,B012-Build London,1226-Build London
1231-Build Southern,S004-Build UK,B013-Build Southern,1231-Build Southern
C&IS Building UK Southern - Aylesford,S004-Build UK,B013-Build Southern,C&IS Building UK Southern - Aylesford
C&IS Building UK Southern - Crawley,S004-Build UK,B013-Build Southern,C&IS Building UK Southern - Crawley
C&IS Building UK Southern - Maple Cross,S004-Build UK,B013-Build Southern,C&IS Building UK Southern - Maple Cross
C&IS Building UK Southern - Southampton,S004-Build UK,B013-Build Southern,C&IS Building UK Southern - Southampton
1233-Build Major Projects,S004-Build UK,B014-Build Major Projects,1233-Build Major Projects
C&IS Building UK Major Projects - Broadmoor,S004-Build UK,B014-Build Major Projects,C&IS Building UK Major Projects - Broadmoor
C&IS Building UK Major Projects - Cambridge,S004-Build UK,B014-Build Major Projects,C&IS Building UK Major Projects - Cambridge
C&IS Building UK Major Projects - Cumbria,S004-Build UK,B014-Build Major Projects,C&IS Building UK Major Projects - Cumbria
C&IS Building UK Major Projects - Kings Cross T1 Flues,S004-Build UK,B014-Build Major Projects,C&IS Building UK Major Projects - Kings Cross T1 Flues
C&IS Building UK Major Projects - Lyneham,S004-Build UK,B014-Build Major Projects,C&IS Building UK Major Projects - Lyneham
C&IS Building UK Major Projects - Midland Goodshed,S004-Build UK,B014-Build Major Projects,C&IS Building UK Major Projects - Midland Goodshed
C&IS Building UK Major Projects - R7 London,S004-Build UK,B014-Build Major Projects,C&IS Building UK Major Projects - R7 London
C&IS Building UK Major Projects - Ram Brewery,S004-Build UK,B014-Build Major Projects,C&IS Building UK Major Projects - Ram Brewery
C&IS Building UK Major Projects - St Bernards,S004-Build UK,B014-Build Major Projects,C&IS Building UK Major Projects - St Bernards
C&IS Building UK Major Projects - UCL Howland Street,S004-Build UK,B014-Build Major Projects,C&IS Building UK Major Projects - UCL Howland Street
1239-Build Western and Wales,S004-Build UK,B015-Build Western & Wales,1239-Build Western and Wales
C&IS Building UK Western & Wales - Bristol,S004-Build UK,B015-Build Western & Wales,C&IS Building UK Western & Wales - Bristol
C&IS Building UK Western & Wales - Cardiff,S004-Build UK,B015-Build Western & Wales,C&IS Building UK Western & Wales - Cardiff
C&IS Building UK Western & Wales - Exeter,S004-Build UK,B015-Build Western & Wales,C&IS Building UK Western & Wales - Exeter
C&IS Building UK Western & Wales - Exeter,S004-Build UK,B015-Build Western & Wales,C&IS Building UK Western & Wales - Exeter
C&IS Building UK Western & Wales - Plymouth,S004-Build UK,B015-Build Western & Wales,C&IS Building UK Western & Wales - Plymouth
C&IS Building UK Western & Wales - Truro,S004-Build UK,B015-Build Western & Wales,C&IS Building UK Western & Wales - Truro
1241-Build KME,S004-Build UK,B016-Build KME,1241-Build KME
C&IS Building UK Strategic Frameworks & Alliances - Strategic Frameworks & Alliances,S004-Build UK,B016-Build KME,C&IS Building UK Strategic Frameworks & Alliances - Strategic Frameworks & Alliances
1060-Professional Services,S017-Infrastructure and Utilities,B019-Professional Services,1060-Professional Services
C&IS Consulting Professional Services (KPS) - Head Office,S017-Infrastructure and Utilities,B019-Professional Services,C&IS Consulting Professional Services (KPS) - Head Office
C&IS Consulting Professional Services (KPS) - Hong Kong,S017-Infrastructure and Utilities,B019-Professional Services,C&IS Consulting Professional Services (KPS) - Hong Kong
C&IS Consulting Professional Services (KPS) - Leeds,S017-Infrastructure and Utilities,B019-Professional Services,C&IS Consulting Professional Services (KPS) - Leeds
C&IS Consulting Professional Services (KPS) - MEICA,S017-Infrastructure and Utilities,B019-Professional Services,C&IS Consulting Professional Services (KPS) - MEICA
C&IS Consulting Professional Services (KPS) - Speke,S017-Infrastructure and Utilities,B019-Professional Services,C&IS Consulting Professional Services (KPS) - Speke
C&IS Consulting Professional Services (KPS) - Trowse,S017-Infrastructure and Utilities,B019-Professional Services,C&IS Consulting Professional Services (KPS) - Trowse
1041-Infrastructure Projects,S017-Infrastructure and Utilities,B021-UK Infrastructure,1041-Infrastructure Projects
C&IS Infrastructure North - Bolton Interchange,S017-Infrastructure and Utilities,B021-UK Infrastructure,C&IS Infrastructure North - Bolton Interchange
C&IS Infrastructure North - Chapelcross,S017-Infrastructure and Utilities,B021-UK Infrastructure,C&IS Infrastructure North - Chapelcross
C&IS Infrastructure North - M6 - Sandbach,S017-Infrastructure and Utilities,B021-UK Infrastructure,C&IS Infrastructure North - M6 - Sandbach
C&IS Infrastructure North - Mersey Gateway,S017-Infrastructure and Utilities,B021-UK Infrastructure,C&IS Infrastructure North - Mersey Gateway
C&IS Infrastructure North - Mgmt & Overheads,S017-Infrastructure and Utilities,B021-UK Infrastructure,C&IS Infrastructure North - Mgmt & Overheads
C&IS Infrastructure North - North Brunswick House,S017-Infrastructure and Utilities,B021-UK Infrastructure,C&IS Infrastructure North - North Brunswick House
C&IS Infrastructure North - Operational,S017-Infrastructure and Utilities,B021-UK Infrastructure,C&IS Infrastructure North - Operational
C&IS Infrastructure North - Sellafield,S017-Infrastructure and Utilities,B021-UK Infrastructure,C&IS Infrastructure North - Sellafield
C&IS Infrastructure North - SmartHighwayM6,S017-Infrastructure and Utilities,B021-UK Infrastructure,C&IS Infrastructure North - SmartHighwayM6
C&IS Infrastructure North - Speke,S017-Infrastructure and Utilities,B021-UK Infrastructure,C&IS Infrastructure North - Speke
C&IS Infrastructure North - URENCO,S017-Infrastructure and Utilities,B021-UK Infrastructure,C&IS Infrastructure North - URENCO
C&IS Infrastructure North - Wakefield,S017-Infrastructure and Utilities,B021-UK Infrastructure,C&IS Infrastructure North - Wakefield
C&IS Infrastructure North - York,S017-Infrastructure and Utilities,B021-UK Infrastructure,C&IS Infrastructure North - York
C&IS Infrastructure South - A30,S017-Infrastructure and Utilities,B021-UK Infrastructure,C&IS Infrastructure South - A30
C&IS Infrastructure South - Bristol Office,S017-Infrastructure and Utilities,B021-UK Infrastructure,C&IS Infrastructure South - Bristol Office
C&IS Infrastructure South - Bristol Site - Parson Street,S017-Infrastructure and Utilities,B021-UK Infrastructure,C&IS Infrastructure South - Bristol Site - Parson Street
C&IS Infrastructure South - Cardiff Office,S017-Infrastructure and Utilities,B021-UK Infrastructure,C&IS Infrastructure South - Cardiff Office
C&IS Infrastructure South - Cardiff Site - Windsor Road,S017-Infrastructure and Utilities,B021-UK Infrastructure,C&IS Infrastructure South - Cardiff Site - Windsor Road
C&IS Infrastructure South - Castlepoint,S017-Infrastructure and Utilities,B021-UK Infrastructure,C&IS Infrastructure South - Castlepoint
C&IS Infrastructure South - Chelsea River Bridge,S017-Infrastructure and Utilities,B021-UK Infrastructure,C&IS Infrastructure South - Chelsea River Bridge
C&IS Infrastructure South - Crossrail BFK C300/410 Running Tunnels,S017-Infrastructure and Utilities,B021-UK Infrastructure,C&IS Infrastructure South - Crossrail BFK C300/410 Running Tunnels
C&IS Infrastructure South - Crossrail BFK C435 Farringdon Station,S017-Infrastructure and Utilities,B021-UK Infrastructure,C&IS Infrastructure South - Crossrail BFK C435 Farringdon Station
C&IS Infrastructure South - Deephams STW Upgrade,S017-Infrastructure and Utilities,B021-UK Infrastructure,C&IS Infrastructure South - Deephams STW Upgrade
C&IS Infrastructure South - Deephams STW Upgrade,S017-Infrastructure and Utilities,B021-UK Infrastructure,C&IS Infrastructure South - Deephams STW Upgrade
C&IS Infrastructure South - Hinkley Earthworks Contract,S017-Infrastructure and Utilities,B021-UK Infrastructure,C&IS Infrastructure South - Hinkley Earthworks Contract
C&IS Infrastructure South - London Rail Projects,S017-Infrastructure and Utilities,B021-UK Infrastructure,C&IS Infrastructure South - London Rail Projects
C&IS Infrastructure South - Mgmt & Overheads,S017-Infrastructure and Utilities,B021-UK Infrastructure,C&IS Infrastructure South - Mgmt & Overheads
C&IS Infrastructure South - Port Talbot Office,S017-Infrastructure and Utilities,B021-UK Infrastructure,C&IS Infrastructure South - Port Talbot Office
C&IS Infrastructure South - Signalling,S017-Infrastructure and Utilities,B021-UK Infrastructure,C&IS Infrastructure South - Signalling
C&IS Infrastructure South - St Marys Isle of Scilly,S017-Infrastructure and Utilities,B021-UK Infrastructure,C&IS Infrastructure South - St Marys Isle of Scilly
C&IS Infrastructure South - SWDWP Waste PFI,S017-Infrastructure and Utilities,B021-UK Infrastructure,C&IS Infrastructure South - SWDWP Waste PFI
1318-Utilities East,S017-Infrastructure and Utilities,B047-Utilities North and East,1318-Utilities East
1319-Utilities Scotland,S017-Infrastructure and Utilities,B047-Utilities North and East,1319-Utilities Scotland
1320-Utilities North West,S017-Infrastructure and Utilities,B047-Utilities North and East,1320-Utilities North West
C&IS Infrastructure Utilities - Anglian Water,S017-Infrastructure and Utilities,B047-Utilities North and East,C&IS Infrastructure Utilities - Anglian Water
C&IS Infrastructure Utilities - IMT,S017-Infrastructure and Utilities,B047-Utilities North and East,C&IS Infrastructure Utilities - IMT
C&IS Infrastructure Utilities - Scotia Gas Networks,S017-Infrastructure and Utilities,B047-Utilities North and East,C&IS Infrastructure Utilities - Scotia Gas Networks
C&IS Infrastructure Utilities - Scottish Water,S017-Infrastructure and Utilities,B047-Utilities North and East,C&IS Infrastructure Utilities - Scottish Water
C&IS Infrastructure Utilities - Severn Trent Water,S017-Infrastructure and Utilities,B047-Utilities North and East,C&IS Infrastructure Utilities - Severn Trent Water
C&IS Infrastructure Utilities - United Utilities,S017-Infrastructure and Utilities,B047-Utilities North and East,C&IS Infrastructure Utilities - United Utilities
1339-Western Power Distribution,S017-Infrastructure and Utilities,B048-Utilities South and West,1339-Western Power Distribution
1339-Western Power Distribution,S017-Infrastructure and Utilities,B048-Utilities South and West,1339-Western Power Distribution
1340-Utilities South,S017-Infrastructure and Utilities,B048-Utilities South and West,1340-Utilities South
1341-Utilities Pennon,S017-Infrastructure and Utilities,B048-Utilities South and West,1341-Utilities Pennon
C&IS Infrastructure Utilities - Affinity Water,S017-Infrastructure and Utilities,B048-Utilities South and West,C&IS Infrastructure Utilities - Affinity Water
C&IS Infrastructure Utilities - Bournemouth Water,S017-Infrastructure and Utilities,B048-Utilities South and West,C&IS Infrastructure Utilities - Bournemouth Water
C&IS Infrastructure Utilities - Bristol Water,S017-Infrastructure and Utilities,B048-Utilities South and West,C&IS Infrastructure Utilities - Bristol Water
C&IS Infrastructure Utilities - South West Water,S017-Infrastructure and Utilities,B048-Utilities South and West,C&IS Infrastructure Utilities - South West Water
C&IS Infrastructure Utilities - Welsh Water,S017-Infrastructure and Utilities,B048-Utilities South and West,C&IS Infrastructure Utilities - Welsh Water
C&IS Infrastructure Utilities - Western Power Distribution,S017-Infrastructure and Utilities,B048-Utilities South and West,C&IS Infrastructure Utilities - Western Power Distribution
1343-Canal and River Trust,S017-Infrastructure and Utilities,B049-Environmental Protection,1343-Canal and River Trust
1344-Environment Agency,S017-Infrastructure and Utilities,B049-Environmental Protection,1344-Environment Agency
1425-National Grid JV,S017-Infrastructure and Utilities,B049-Environmental Protection,1425-National Grid JV
C&IS Infrastructure Utilities - Canal & River Trust,S017-Infrastructure and Utilities,B049-Environmental Protection,C&IS Infrastructure Utilities - Canal & River Trust
C&IS Infrastructure Utilities - Environment Agency,S017-Infrastructure and Utilities,B049-Environmental Protection,C&IS Infrastructure Utilities - Environment Agency
1317-KCD Recharges,S017-Infrastructure and Utilities,B050-Thames Water,1317-KCD Recharges
C&IS Infrastructure Utilities - Thames Water,S017-Infrastructure and Utilities,B050-Thames Water,C&IS Infrastructure Utilities - Thames Water
1323-Utilities Centre,S017-Infrastructure and Utilities,B051-Utilities Centre,1323-Utilities Centre
C&IS Infrastructure Utilities - Mgmt & Overheads,S017-Infrastructure and Utilities,B051-Utilities Centre,C&IS Infrastructure Utilities - Mgmt & Overheads
1525-Infrastructure McN,S017-Infrastructure and Utilities,B106-McNicholas,1525-Infrastructure McN
1526-Network Services,S017-Infrastructure and Utilities,B106-McNicholas,1526-Network Services
1527-Support Services,S017-Infrastructure and Utilities,B106-McNicholas,1527-Support Services
1528-Wheldon,S017-Infrastructure and Utilities,B106-McNicholas,1528-Wheldon
1535-Regional Civils Overheads,S017-Infrastructure and Utilities,B125-Regional Civils,1535-Regional Civils Overheads
1542-McNicholas Rail,S017-Infrastructure and Utilities,B126-McNicholas Rail,1542-McNicholas Rail
1081-International Payroll,S027-International,B029-International Centre,1081-International Payroll
C&IS International Caribbean - Jamaica,S027-International,B029-International Centre,C&IS International Caribbean - Jamaica
C&IS International Caribbean - St Kitts,S027-International,B029-International Centre,C&IS International Caribbean - St Kitts
C&IS International Far East - Hong Kong,S027-International,B029-International Centre,C&IS International Far East - Hong Kong
C&IS International Middle East - Abu Dhabi,S027-International,B029-International Centre,C&IS International Middle East - Abu Dhabi
C&IS International Middle East - Dubai,S027-International,B029-International Centre,C&IS International Middle East - Dubai
1211-Housing Maintenance East,S038-Housing Maintenance,B068-Housing Maintenance North,1211-Housing Maintenance East
1267-Housing Maintenance Centre,S038-Housing Maintenance,B068-Housing Maintenance North,1267-Housing Maintenance Centre
1295-Kier North Tyneside Ltd,S038-Housing Maintenance,B068-Housing Maintenance North,1295-Kier North Tyneside Ltd
1299-Kier Stoke Ltd,S038-Housing Maintenance,B068-Housing Maintenance North,1299-Kier Stoke Ltd
DP&BS Business Stream Housing Maintenance - Mgmt & Overheads,S038-Housing Maintenance,B068-Housing Maintenance North,DP&BS Business Stream Housing Maintenance - Mgmt & Overheads
DP&BS Business Stream Housing Maintenance Barnsley,S038-Housing Maintenance,B068-Housing Maintenance North,DP&BS Business Stream Housing Maintenance Barnsley
DP&BS Business Stream Housing Maintenance Boston,S038-Housing Maintenance,B068-Housing Maintenance North,DP&BS Business Stream Housing Maintenance Boston
DP&BS Business Stream Housing Maintenance East,S038-Housing Maintenance,B068-Housing Maintenance North,DP&BS Business Stream Housing Maintenance East
DP&BS Business Stream Housing Maintenance Lincoln,S038-Housing Maintenance,B068-Housing Maintenance North,DP&BS Business Stream Housing Maintenance Lincoln
DP&BS Business Stream Housing Maintenance Longhurst and Havelok,S038-Housing Maintenance,B068-Housing Maintenance North,DP&BS Business Stream Housing Maintenance Longhurst and Havelok
DP&BS Business Stream Housing Maintenance Maintenance East,S038-Housing Maintenance,B068-Housing Maintenance North,DP&BS Business Stream Housing Maintenance Maintenance East
DP&BS Business Stream Housing Maintenance Maintenance North,S038-Housing Maintenance,B068-Housing Maintenance North,DP&BS Business Stream Housing Maintenance Maintenance North
DP&BS Business Stream Housing Maintenance North Kesteven,S038-Housing Maintenance,B068-Housing Maintenance North,DP&BS Business Stream Housing Maintenance North Kesteven
DP&BS Business Stream Housing Maintenance North Tyneside,S038-Housing Maintenance,B068-Housing Maintenance North,DP&BS Business Stream Housing Maintenance North Tyneside
DP&BS Business Stream Housing Maintenance North West Leicestershire,S038-Housing Maintenance,B068-Housing Maintenance North,DP&BS Business Stream Housing Maintenance North West Leicestershire
DP&BS Business Stream Housing Maintenance Scape & Richmondshire,S038-Housing Maintenance,B068-Housing Maintenance North,DP&BS Business Stream Housing Maintenance Scape & Richmondshire
DP&BS Business Stream Housing Maintenance Sheffield Aids & Adaptations,S038-Housing Maintenance,B068-Housing Maintenance North,DP&BS Business Stream Housing Maintenance Sheffield Aids & Adaptations
DP&BS Business Stream Housing Maintenance Sheffield Housing Revenue Account (HRA),S038-Housing Maintenance,B068-Housing Maintenance North,DP&BS Business Stream Housing Maintenance Sheffield Housing Revenue Account (HRA)
DP&BS Business Stream Housing Maintenance Stoke,S038-Housing Maintenance,B068-Housing Maintenance North,DP&BS Business Stream Housing Maintenance Stoke
DP&BS Business Stream Housing Maintenance Western Region,S038-Housing Maintenance,B068-Housing Maintenance North,DP&BS Business Stream Housing Maintenance Western Region
1269-Housing Maintenance South,S038-Housing Maintenance,B069-Housing Maintenance South,1269-Housing Maintenance South
1292-Kier Harlow Ltd,S038-Housing Maintenance,B069-Housing Maintenance South,1292-Kier Harlow Ltd
1294-Islington,S038-Housing Maintenance,B069-Housing Maintenance South,1294-Islington
DP&BS Business Stream Housing Maintenance Cambridge,S038-Housing Maintenance,B069-Housing Maintenance South,DP&BS Business Stream Housing Maintenance Cambridge
DP&BS Business Stream Housing Maintenance Circle,S038-Housing Maintenance,B069-Housing Maintenance South,DP&BS Business Stream Housing Maintenance Circle
DP&BS Business Stream Housing Maintenance Genesis,S038-Housing Maintenance,B069-Housing Maintenance South,DP&BS Business Stream Housing Maintenance Genesis
DP&BS Business Stream Housing Maintenance Gosport,S038-Housing Maintenance,B069-Housing Maintenance South,DP&BS Business Stream Housing Maintenance Gosport
DP&BS Business Stream Housing Maintenance Grainger,S038-Housing Maintenance,B069-Housing Maintenance South,DP&BS Business Stream Housing Maintenance Grainger
DP&BS Business Stream Housing Maintenance Harlow,S038-Housing Maintenance,B069-Housing Maintenance South,DP&BS Business Stream Housing Maintenance Harlow
DP&BS Business Stream Housing Maintenance London,S038-Housing Maintenance,B069-Housing Maintenance South,DP&BS Business Stream Housing Maintenance London
DP&BS Business Stream Housing Maintenance Maintenance South,S038-Housing Maintenance,B069-Housing Maintenance South,DP&BS Business Stream Housing Maintenance Maintenance South
DP&BS Business Stream Housing Maintenance Maintenance South - A2 Dominion,S038-Housing Maintenance,B069-Housing Maintenance South,DP&BS Business Stream Housing Maintenance Maintenance South - A2 Dominion
DP&BS Business Stream Housing Maintenance Maintenance Southend,S038-Housing Maintenance,B069-Housing Maintenance South,DP&BS Business Stream Housing Maintenance Maintenance Southend
DP&BS Business Stream Housing Maintenance South Essex Homes,S038-Housing Maintenance,B069-Housing Maintenance South,DP&BS Business Stream Housing Maintenance South Essex Homes
1531-Major Projects Highways,S041-Highways,B042-Major Projects Highways,1531-Major Projects Highways
1315-Strategic Highways,S041-Highways,B044-Strategic Highways,1315-Strategic Highways
C&IS Highways Strategic Highways - Manchester,S041-Highways,B044-Strategic Highways,C&IS Highways Strategic Highways - Manchester
C&IS Infrastructure Services - Strategic Highways,S041-Highways,B044-Strategic Highways,C&IS Infrastructure Services - Strategic Highways
C&IS Kier Strategic Highways - Area 1 - Weekly Employees,S041-Highways,B044-Strategic Highways,C&IS Kier Strategic Highways - Area 1 - Weekly Employees
C&IS Kier Strategic Highways - Area 13 - Monthly Employees,S041-Highways,B044-Strategic Highways,C&IS Kier Strategic Highways - Area 13 - Monthly Employees
C&IS Kier Strategic Highways - Area 3 - Monthly Employees,S041-Highways,B044-Strategic Highways,C&IS Kier Strategic Highways - Area 3 - Monthly Employees
C&IS Kier Strategic Highways - Area 7 - Monthly Employees,S041-Highways,B044-Strategic Highways,C&IS Kier Strategic Highways - Area 7 - Monthly Employees
C&IS Kier Strategic Highways - Area 9 - Monthly Employees,S041-Highways,B044-Strategic Highways,C&IS Kier Strategic Highways - Area 9 - Monthly Employees
C&IS Kier Strategic Highways - Areas 6 & 8 - Monthly Employees,S041-Highways,B044-Strategic Highways,C&IS Kier Strategic Highways - Areas 6 & 8 - Monthly Employees
C&IS Kier Strategic Highways - Corporate - Monthly Employees,S041-Highways,B044-Strategic Highways,C&IS Kier Strategic Highways - Corporate - Monthly Employees
C&IS Kier Strategic Highways - Croydon - Monthly Employees,S041-Highways,B044-Strategic Highways,C&IS Kier Strategic Highways - Croydon - Monthly Employees
C&IS Kier Strategic Highways - Design - Monthly Employees,S041-Highways,B044-Strategic Highways,C&IS Kier Strategic Highways - Design - Monthly Employees
C&IS Kier Strategic Highways - LOHAC - Weekly Employees,S041-Highways,B044-Strategic Highways,C&IS Kier Strategic Highways - LOHAC - Weekly Employees
1326-Local Highways,S041-Highways,B045-Local Highways,1326-Local Highways
C&IS Highways Highways (Local) - Ayton Products,S041-Highways,B045-Local Highways,C&IS Highways Highways (Local) - Ayton Products
C&IS Highways Highways (Local) - East Sussex County Council,S041-Highways,B045-Local Highways,C&IS Highways Highways (Local) - East Sussex County Council
C&IS Highways Highways (Local) - Harrow Council,S041-Highways,B045-Local Highways,C&IS Highways Highways (Local) - Harrow Council
C&IS Highways Highways (Local) - Lincolnshire County Council,S041-Highways,B045-Local Highways,C&IS Highways Highways (Local) - Lincolnshire County Council
C&IS Highways Highways (Local) - Mgmt & Overheads,S041-Highways,B045-Local Highways,C&IS Highways Highways (Local) - Mgmt & Overheads
C&IS Highways Highways (Local) - Nordis,S041-Highways,B045-Local Highways,C&IS Highways Highways (Local) - Nordis
C&IS Highways Highways (Local) - Norfolk Strategic Partnership,S041-Highways,B045-Local Highways,C&IS Highways Highways (Local) - Norfolk Strategic Partnership
C&IS Highways Highways (Local) - Northamptonshire County Council,S041-Highways,B045-Local Highways,C&IS Highways Highways (Local) - Northamptonshire County Council
C&IS Highways Highways (Local) - Street Lighting,S041-Highways,B045-Local Highways,C&IS Highways Highways (Local) - Street Lighting
C&IS Highways Highways (Local) - Suffolk County Council,S041-Highways,B045-Local Highways,C&IS Highways Highways (Local) - Suffolk County Council
C&IS Highways Highways (Local) - Surface Treatment Business,S041-Highways,B045-Local Highways,C&IS Highways Highways (Local) - Surface Treatment Business
C&IS Highways Highways (Local) - Surrey County Council,S041-Highways,B045-Local Highways,C&IS Highways Highways (Local) - Surrey County Council
C&IS Highways Highways (Local) - Torbay Council (TOR2),S041-Highways,B045-Local Highways,C&IS Highways Highways (Local) - Torbay Council (TOR2)
1285-Hard Services,S060-Workplace Services,B062-Technical Services,1285-Hard Services
1286-KWS Projects,S060-Workplace Services,B062-Technical Services,1286-KWS Projects
DP&BS Business Stream Facilities Management Mobile and Technical Services,S060-Workplace Services,B062-Technical Services,DP&BS Business Stream Facilities Management Mobile and Technical Services
DP&BS Business Stream Facilities Management Mobile and Technical Services - RSC,S060-Workplace Services,B062-Technical Services,DP&BS Business Stream Facilities Management Mobile and Technical Services - RSC
DP&BS Business Stream Facilities Management Projects,S060-Workplace Services,B062-Technical Services,DP&BS Business Stream Facilities Management Projects
DP&BS Facilities Management - Bracknell Forest Borough Council,S060-Workplace Services,B062-Technical Services,DP&BS Facilities Management - Bracknell Forest Borough Council
DP&BS Facilities Management - Mobile Technical Services,S060-Workplace Services,B062-Technical Services,DP&BS Facilities Management - Mobile Technical Services
DP&BS Facilities Management - Mobile Technical Services - Wiltshire County Council,S060-Workplace Services,B062-Technical Services,DP&BS Facilities Management - Mobile Technical Services - Wiltshire County Council
DP&BS Workplace Services - Projects,S060-Workplace Services,B062-Technical Services,DP&BS Workplace Services - Projects
DP&BS Workplace Services FM - FM - Welsh Government BETS,S060-Workplace Services,B062-Technical Services,DP&BS Workplace Services FM - FM - Welsh Government BETS
DP&BS Workplace Services FM - FM - Welsh Government Soft Services,S060-Workplace Services,B062-Technical Services,DP&BS Workplace Services FM - FM - Welsh Government Soft Services
DP&BS Workplace Services Mobile Technical Services - Cardiff County Council,S060-Workplace Services,B062-Technical Services,DP&BS Workplace Services Mobile Technical Services - Cardiff County Council
DP&BS Workplace Services Mobile Technical Services - Fusion,S060-Workplace Services,B062-Technical Services,DP&BS Workplace Services Mobile Technical Services - Fusion
DP&BS Workplace Services Mobile Technical Services - Fusion,S060-Workplace Services,B062-Technical Services,DP&BS Workplace Services Mobile Technical Services - Fusion
DP&BS Workplace Services Mobile Technical Services - Hampshire County Council,S060-Workplace Services,B062-Technical Services,DP&BS Workplace Services Mobile Technical Services - Hampshire County Council
DP&BS Workplace Services Mobile Technical Services - Helpdesk,S060-Workplace Services,B062-Technical Services,DP&BS Workplace Services Mobile Technical Services - Helpdesk
DP&BS Workplace Services Mobile Technical Services - Imperial War Museum,S060-Workplace Services,B062-Technical Services,DP&BS Workplace Services Mobile Technical Services - Imperial War Museum
DP&BS Workplace Services Mobile Technical Services - London Borough of Lewisham,S060-Workplace Services,B062-Technical Services,DP&BS Workplace Services Mobile Technical Services - London Borough of Lewisham
DP&BS Workplace Services Mobile Technical Services - London Fire and Rescue Authority,S060-Workplace Services,B062-Technical Services,DP&BS Workplace Services Mobile Technical Services - London Fire and Rescue Authority
DP&BS Workplace Services Mobile Technical Services - London UCL,S060-Workplace Services,B062-Technical Services,DP&BS Workplace Services Mobile Technical Services - London UCL
DP&BS Workplace Services Mobile Technical Services - M&E Projects Team,S060-Workplace Services,B062-Technical Services,DP&BS Workplace Services Mobile Technical Services - M&E Projects Team
DP&BS Workplace Services Mobile Technical Services - Mobile Technical Services,S060-Workplace Services,B062-Technical Services,DP&BS Workplace Services Mobile Technical Services - Mobile Technical Services
DP&BS Workplace Services Mobile Technical Services - RAL,S060-Workplace Services,B062-Technical Services,DP&BS Workplace Services Mobile Technical Services - RAL
DP&BS Workplace Services Mobile Technical Services - Solent NHS,S060-Workplace Services,B062-Technical Services,DP&BS Workplace Services Mobile Technical Services - Solent NHS
DP&BS Workplace Services Mobile Technical Services - Sussex Police,S060-Workplace Services,B062-Technical Services,DP&BS Workplace Services Mobile Technical Services - Sussex Police
DP&BS Workplace Services Mobile Technical Services - Welsh Government BETS,S060-Workplace Services,B062-Technical Services,DP&BS Workplace Services Mobile Technical Services - Welsh Government BETS
DP&BS Workplace Services Mobile Technical Services - Wiltshire County Council,S060-Workplace Services,B062-Technical Services,DP&BS Workplace Services Mobile Technical Services - Wiltshire County Council
DP&BS Workplace Services Projects - M&E Projects Team,S060-Workplace Services,B062-Technical Services,DP&BS Workplace Services Projects - M&E Projects Team
1284-Facilities Management,S060-Workplace Services,B063-Facilities Management,1284-Facilities Management
1288-Corporate Estates,S060-Workplace Services,B063-Facilities Management,1288-Corporate Estates
1289-KWS PFI,S060-Workplace Services,B063-Facilities Management,1289-KWS PFI
1442-Business Assurance,S060-Workplace Services,B063-Facilities Management,1442-Business Assurance
DP&BS Business Stream Facilities Management Facilities Management,S060-Workplace Services,B063-Facilities Management,DP&BS Business Stream Facilities Management Facilities Management
DP&BS Business Stream Facilities Management PFI (Private Finance Initiative),S060-Workplace Services,B063-Facilities Management,DP&BS Business Stream Facilities Management PFI (Private Finance Initiative)
DP&BS Facilities Management - Operations FM - NHS BSA,S060-Workplace Services,B063-Facilities Management,DP&BS Facilities Management - Operations FM - NHS BSA
DP&BS Facilities Management - Operations FM - Norwood Care Homes,S060-Workplace Services,B063-Facilities Management,DP&BS Facilities Management - Operations FM - Norwood Care Homes
DP&BS Facilities Management - Operations FM - Norwood Care Homes,S060-Workplace Services,B063-Facilities Management,DP&BS Facilities Management - Operations FM - Norwood Care Homes
DP&BS Facilities Management - Staffordshire Police OPCC,S060-Workplace Services,B063-Facilities Management,DP&BS Facilities Management - Staffordshire Police OPCC
DP&BS Facilities Management - Westminster Kingsway College IC,S060-Workplace Services,B063-Facilities Management,DP&BS Facilities Management - Westminster Kingsway College IC
DP&BS Facilities Management Corporate Estate - Sapphire House,S060-Workplace Services,B063-Facilities Management,DP&BS Facilities Management Corporate Estate - Sapphire House
DP&BS Workplace Services - Corporate Estate,S060-Workplace Services,B063-Facilities Management,DP&BS Workplace Services - Corporate Estate
DP&BS Workplace Services FM - FM - BSF - Lewisham,S060-Workplace Services,B063-Facilities Management,DP&BS Workplace Services FM - FM - BSF - Lewisham
DP&BS Workplace Services FM - FM - Epsom & Ewell,S060-Workplace Services,B063-Facilities Management,DP&BS Workplace Services FM - FM - Epsom & Ewell
DP&BS Workplace Services FM - FM - LB Camden,S060-Workplace Services,B063-Facilities Management,DP&BS Workplace Services FM - FM - LB Camden
DP&BS Workplace Services FM - FM - London - Jewish Care,S060-Workplace Services,B063-Facilities Management,DP&BS Workplace Services FM - FM - London - Jewish Care
DP&BS Workplace Services FM - FM - London Westminster Kingsway College,S060-Workplace Services,B063-Facilities Management,DP&BS Workplace Services FM - FM - London Westminster Kingsway College
DP&BS Workplace Services FM - FM - Mgmt.& Overheads,S060-Workplace Services,B063-Facilities Management,DP&BS Workplace Services FM - FM - Mgmt.& Overheads
DP&BS Workplace Services FM - FM - Norwood Care Homes,S060-Workplace Services,B063-Facilities Management,DP&BS Workplace Services FM - FM - Norwood Care Homes
DP&BS Workplace Services FM - FM - Powys CC - Cleaning Services,S060-Workplace Services,B063-Facilities Management,DP&BS Workplace Services FM - FM - Powys CC - Cleaning Services
DP&BS Workplace Services FM - FM - Powys Schools,S060-Workplace Services,B063-Facilities Management,DP&BS Workplace Services FM - FM - Powys Schools
DP&BS Workplace Services FM - FM - Royal Opera House Main,S060-Workplace Services,B063-Facilities Management,DP&BS Workplace Services FM - FM - Royal Opera House Main
DP&BS Workplace Services FM - FM - SCC Manor Lane,S060-Workplace Services,B063-Facilities Management,DP&BS Workplace Services FM - FM - SCC Manor Lane
DP&BS Workplace Services FM - FM - Sheffield Kaps,S060-Workplace Services,B063-Facilities Management,DP&BS Workplace Services FM - FM - Sheffield Kaps
DP&BS Workplace Services FM - FM - Staffordshire Police OPCC,S060-Workplace Services,B063-Facilities Management,DP&BS Workplace Services FM - FM - Staffordshire Police OPCC
DP&BS Workplace Services FM - KCC - TFM1,S060-Workplace Services,B063-Facilities Management,DP&BS Workplace Services FM - KCC - TFM1
DP&BS Workplace Services FM - KCC - TFM4,S060-Workplace Services,B063-Facilities Management,DP&BS Workplace Services FM - KCC - TFM4
DP&BS Workplace Services FM - Legal & General,S060-Workplace Services,B063-Facilities Management,DP&BS Workplace Services FM - Legal & General
DP&BS Workplace Services FM - PFI - Bexley Schools PFI,S060-Workplace Services,B063-Facilities Management,DP&BS Workplace Services FM - PFI - Bexley Schools PFI
DP&BS Workplace Services FM - PFI - Brighton Library,S060-Workplace Services,B063-Facilities Management,DP&BS Workplace Services FM - PFI - Brighton Library
DP&BS Workplace Services FM - PFI - Copeland,S060-Workplace Services,B063-Facilities Management,DP&BS Workplace Services FM - PFI - Copeland
DP&BS Workplace Services FM - PFI - Harrow Schools PFI,S060-Workplace Services,B063-Facilities Management,DP&BS Workplace Services FM - PFI - Harrow Schools PFI
DP&BS Workplace Services FM - PFI - Hinchinbrooke PFI,S060-Workplace Services,B063-Facilities Management,DP&BS Workplace Services FM - PFI - Hinchinbrooke PFI
DP&BS Workplace Services FM - PFI - Ipswich NHS,S060-Workplace Services,B063-Facilities Management,DP&BS Workplace Services FM - PFI - Ipswich NHS
DP&BS Workplace Services FM - PFI - London - Kent Schools PFI,S060-Workplace Services,B063-Facilities Management,DP&BS Workplace Services FM - PFI - London - Kent Schools PFI
DP&BS Workplace Services FM - PFI - London Fire & Rescue Authority,S060-Workplace Services,B063-Facilities Management,DP&BS Workplace Services FM - PFI - London Fire & Rescue Authority
DP&BS Workplace Services FM - PFI - Neath Hospital PFI,S060-Workplace Services,B063-Facilities Management,DP&BS Workplace Services FM - PFI - Neath Hospital PFI
DP&BS Workplace Services FM - PFI - NHS Lift,S060-Workplace Services,B063-Facilities Management,DP&BS Workplace Services FM - PFI - NHS Lift
DP&BS Workplace Services FM - PFI - Norwich Schools PFI,S060-Workplace Services,B063-Facilities Management,DP&BS Workplace Services FM - PFI - Norwich Schools PFI
DP&BS Workplace Services FM - PFI - Oldham Library,S060-Workplace Services,B063-Facilities Management,DP&BS Workplace Services FM - PFI - Oldham Library
DP&BS Workplace Services FM - PFI - Oldham Schools,S060-Workplace Services,B063-Facilities Management,DP&BS Workplace Services FM - PFI - Oldham Schools
DP&BS Workplace Services FM - PFI - Operations PFI,S060-Workplace Services,B063-Facilities Management,DP&BS Workplace Services FM - PFI - Operations PFI
DP&BS Workplace Services FM - PFI - Pembroke PFI,S060-Workplace Services,B063-Facilities Management,DP&BS Workplace Services FM - PFI - Pembroke PFI
DP&BS Workplace Services FM - PFI - Plymouth NHS,S060-Workplace Services,B063-Facilities Management,DP&BS Workplace Services FM - PFI - Plymouth NHS
DP&BS Workplace Services FM - PFI - Sheffield Schools,S060-Workplace Services,B063-Facilities Management,DP&BS Workplace Services FM - PFI - Sheffield Schools
DP&BS Workplace Services FM - PFI - St Helens Lift,S060-Workplace Services,B063-Facilities Management,DP&BS Workplace Services FM - PFI - St Helens Lift
DP&BS Workplace Services FM - PFI - Stoke & Staffs Fire Rescue Authority PFI,S060-Workplace Services,B063-Facilities Management,DP&BS Workplace Services FM - PFI - Stoke & Staffs Fire Rescue Authority PFI
DP&BS Workplace Services FM - PFI - Tendring Schools PFI,S060-Workplace Services,B063-Facilities Management,DP&BS Workplace Services FM - PFI - Tendring Schools PFI
DP&BS Workplace Services FM - PFI - Waltham Forest PFI,S060-Workplace Services,B063-Facilities Management,DP&BS Workplace Services FM - PFI - Waltham Forest PFI
1032-Overheads & Central - KBS,S060-Workplace Services,B064-KWS Centre,1032-Overheads & Central - KBS
1287-KWS Centre,S060-Workplace Services,B064-KWS Centre,1287-KWS Centre
DP&BS Business Stream Facilities Management Asset Management,S060-Workplace Services,B064-KWS Centre,DP&BS Business Stream Facilities Management Asset Management
DP&BS Business Stream Facilities Management Business Development,S060-Workplace Services,B064-KWS Centre,DP&BS Business Stream Facilities Management Business Development
DP&BS Business Stream Facilities Management Commercial,S060-Workplace Services,B064-KWS Centre,DP&BS Business Stream Facilities Management Commercial
DP&BS Business Stream Facilities Management Corporate Estate,S060-Workplace Services,B064-KWS Centre,DP&BS Business Stream Facilities Management Corporate Estate
DP&BS Business Stream Facilities Management Health and Safety,S060-Workplace Services,B064-KWS Centre,DP&BS Business Stream Facilities Management Health and Safety
DP&BS Business Stream Facilities Management Overhead,S060-Workplace Services,B064-KWS Centre,DP&BS Business Stream Facilities Management Overhead
DP&BS Business Stream Facilities ManagementFinance,S060-Workplace Services,B064-KWS Centre,DP&BS Business Stream Facilities ManagementFinance
DP&BS Workplace Services Mgmt. & Overheads - Commercial,S060-Workplace Services,B064-KWS Centre,DP&BS Workplace Services Mgmt. & Overheads - Commercial
DP&BS Workplace Services Mgmt. & Overheads - Finance,S060-Workplace Services,B064-KWS Centre,DP&BS Workplace Services Mgmt. & Overheads - Finance
DP&BS Workplace Services Mgmt. & Overheads - Mgmt. & Overheads,S060-Workplace Services,B064-KWS Centre,DP&BS Workplace Services Mgmt. & Overheads - Mgmt. & Overheads
DP&BS Workplace Services Sales & Marketing - Business Development,S060-Workplace Services,B064-KWS Centre,DP&BS Workplace Services Sales & Marketing - Business Development
DP&BS Workplace Services SHEA - Business Assurance,S060-Workplace Services,B064-KWS Centre,DP&BS Workplace Services SHEA - Business Assurance
DP&BS Workplace Services SHEA - Mobilisation,S060-Workplace Services,B064-KWS Centre,DP&BS Workplace Services SHEA - Mobilisation
1034-Project Services - KBS,S060-Workplace Services,B080-Design and Business Services,1034-Project Services - KBS
1283-Kier Asset Partnership Services Ltd,S060-Workplace Services,B080-Design and Business Services,1283-Kier Asset Partnership Services Ltd
1440-Hackney Schools for the Future,S060-Workplace Services,B080-Design and Business Services,1440-Hackney Schools for the Future
1446-Business Process & Transformation - KBS,S060-Workplace Services,B080-Design and Business Services,1446-Business Process & Transformation - KBS
DP&BS Workplace Services Asset Management - Chesterfield Borough Council,S060-Workplace Services,B080-Design and Business Services,DP&BS Workplace Services Asset Management - Chesterfield Borough Council
DP&BS Workplace Services Asset Management - Sheffield Kaps,S060-Workplace Services,B080-Design and Business Services,DP&BS Workplace Services Asset Management - Sheffield Kaps
1001-Living Northern,S083-Living,B085-Living Northern,1001-Living Northern
DP&BS Residential Living Northern,S083-Living,B085-Living Northern,DP&BS Residential Living Northern
1003-Living South West,S083-Living,B086-Living South West,1003-Living South West
DP&BS Residential Living South West & Wales South West & Wales,S083-Living,B086-Living South West,DP&BS Residential Living South West & Wales South West & Wales
1005-Living Eastern,S083-Living,B087-Living Eastern,1005-Living Eastern
DP&BS Residential Living Eastern Eastern,S083-Living,B087-Living Eastern,DP&BS Residential Living Eastern Eastern
1007-Living Central,S083-Living,B088-Living Central,1007-Living Central
DP&BS Residential Living Central Central,S083-Living,B088-Living Central,DP&BS Residential Living Central Central
1009-Living Centre,S083-Living,B089-Living Centre,1009-Living Centre
DP&BS Residential Living Mgmt & Overheads Mgmt & Overheads,S083-Living,B089-Living Centre,DP&BS Residential Living Mgmt & Overheads Mgmt & Overheads
1298-Kier Fleet Services Ltd,S091-Group Centre,B040-Fleet,1298-Kier Fleet Services Ltd
CF Fleet Fleet,S091-Group Centre,B040-Fleet,CF Fleet Fleet
1028-Kier Limited - IT Functions,S091-Group Centre,B098-Group Centre,1028-Kier Limited - IT Functions
1029-Kier Limited - Group Functions,S091-Group Centre,B098-Group Centre,1029-Kier Limited - Group Functions
CF BOOST BOOST,S091-Group Centre,B098-Group Centre,CF BOOST BOOST
CF Co. Sec / Legal Company Secretarial,S091-Group Centre,B098-Group Centre,CF Co. Sec / Legal Company Secretarial
CF Commercial Commercial,S091-Group Centre,B098-Group Centre,CF Commercial Commercial
CF Corporate Responsibility Corporate Responsibility,S091-Group Centre,B098-Group Centre,CF Corporate Responsibility Corporate Responsibility
CF Finance Finance & Admin,S091-Group Centre,B098-Group Centre,CF Finance Finance & Admin
CF HR askHR,S091-Group Centre,B098-Group Centre,CF HR askHR
CF HR Occupational Health,S091-Group Centre,B098-Group Centre,CF HR Occupational Health
CF HR Pensions and Reward,S091-Group Centre,B098-Group Centre,CF HR Pensions and Reward
CF HR Training,S091-Group Centre,B098-Group Centre,CF HR Training
"CF IT Development, Property & Business Services",S091-Group Centre,B098-Group Centre,"CF IT Development, Property & Business Services"
CF IT Engagement & Communication,S091-Group Centre,B098-Group Centre,CF IT Engagement & Communication
CF IT Infrastructure,S091-Group Centre,B098-Group Centre,CF IT Infrastructure
CF IT Operations,S091-Group Centre,B098-Group Centre,CF IT Operations
"CF IT Property, Living & Group",S091-Group Centre,B098-Group Centre,"CF IT Property, Living & Group"
CF IT Service Delivery,S091-Group Centre,B098-Group Centre,CF IT Service Delivery
CF IT Services & Environmental,S091-Group Centre,B098-Group Centre,CF IT Services & Environmental
CF IT Solution Delivery,S091-Group Centre,B098-Group Centre,CF IT Solution Delivery
CF IT Systems,S091-Group Centre,B098-Group Centre,CF IT Systems
CF Marketing & Comms Comms,S091-Group Centre,B098-Group Centre,CF Marketing & Comms Comms
CF Marketing & Comms Marketing,S091-Group Centre,B098-Group Centre,CF Marketing & Comms Marketing
CF Performance Performance,S091-Group Centre,B098-Group Centre,CF Performance Performance
CF Procurement Procurement,S091-Group Centre,B098-Group Centre,CF Procurement Procurement
CF SHEA Safety,S091-Group Centre,B098-Group Centre,CF SHEA Safety
Corporate Functions Finance SSC,S091-Group Centre,B098-Group Centre,Corporate Functions Finance SSC
1142-KPD Centre,S100-Property,B103-Property Developments  Centre,1142-KPD Centre
DP&BS Property North Property North,S100-Property,B103-Property Developments  Centre,DP&BS Property North Property North
DP&BS Property South Property South,S100-Property,B103-Property Developments  Centre,DP&BS Property South Property South
7001-KPD South,S100-Property,B105-KPD South,7001-KPD South
1273-Kier Environmental Services,S111-Environmental,B077-Environmental,1273-Kier Environmental Services
1301-Pure Recycling Warwick Ltd,S111-Environmental,B077-Environmental,1301-Pure Recycling Warwick Ltd
1355-KIS Environmental Services,S111-Environmental,B077-Environmental,1355-KIS Environmental Services
1373-Recycling CIC,S111-Environmental,B077-Environmental,1373-Recycling CIC
S&CD Business Stream Environmental Environmental - Centre,S111-Environmental,B077-Environmental,S&CD Business Stream Environmental Environmental - Centre
S&CD Strategic Projects Environmental Environmental Central - Cheshire West & Chester,S111-Environmental,B077-Environmental,S&CD Strategic Projects Environmental Environmental Central - Cheshire West & Chester
S&CD Strategic Projects Environmental Environmental Central - Corby Borough Council,S111-Environmental,B077-Environmental,S&CD Strategic Projects Environmental Environmental Central - Corby Borough Council
S&CD Strategic Projects Environmental Environmental Central - East Northants,S111-Environmental,B077-Environmental,S&CD Strategic Projects Environmental Environmental Central - East Northants
S&CD Strategic Projects Environmental Environmental Central - North Yorkshire CC,S111-Environmental,B077-Environmental,S&CD Strategic Projects Environmental Environmental Central - North Yorkshire CC
S&CD Strategic Projects Environmental Environmental Central - Pure Recycling,S111-Environmental,B077-Environmental,S&CD Strategic Projects Environmental Environmental Central - Pure Recycling
S&CD Strategic Projects Environmental Environmental Central - West Oxfordshire DC,S111-Environmental,B077-Environmental,S&CD Strategic Projects Environmental Environmental Central - West Oxfordshire DC
S&CD Strategic Projects Environmental Environmental East  - East Sussex Waste Partnership,S111-Environmental,B077-Environmental,S&CD Strategic Projects Environmental Environmental East  - East Sussex Waste Partnership
S&CD Strategic Projects Environmental Environmental East - Grounds Maintenance Division (Bexley),S111-Environmental,B077-Environmental,S&CD Strategic Projects Environmental Environmental East - Grounds Maintenance Division (Bexley)
S&CD Strategic Projects Environmental Environmental East - London Borough of Bromley,S111-Environmental,B077-Environmental,S&CD Strategic Projects Environmental Environmental East - London Borough of Bromley
S&CD Strategic Projects Environmental Environmental East - London Borough of Waltham Forest,S111-Environmental,B077-Environmental,S&CD Strategic Projects Environmental Environmental East - London Borough of Waltham Forest
S&CD Strategic Projects Environmental Environmental East - North Norfolk,S111-Environmental,B077-Environmental,S&CD Strategic Projects Environmental Environmental East - North Norfolk
S&CD Strategic Projects Environmental Environmental East - West Norfolk & Kings Lynn,S111-Environmental,B077-Environmental,S&CD Strategic Projects Environmental Environmental East - West Norfolk & Kings Lynn
S&CD Strategic Projects Environmental Environmental West - Bath & North East Somerset,S111-Environmental,B077-Environmental,S&CD Strategic Projects Environmental Environmental West - Bath & North East Somerset
S&CD Strategic Projects Environmental Environmental West - Bridgend County Borough Council,S111-Environmental,B077-Environmental,S&CD Strategic Projects Environmental Environmental West - Bridgend County Borough Council
S&CD Strategic Projects Environmental Environmental West - Gloucester CC,S111-Environmental,B077-Environmental,S&CD Strategic Projects Environmental Environmental West - Gloucester CC
S&CD Strategic Projects Environmental Environmental West - North Somerset,S111-Environmental,B077-Environmental,S&CD Strategic Projects Environmental Environmental West - North Somerset
S&CD Strategic Projects Environmental Environmental West - Somerset Waste Partnership,S111-Environmental,B077-Environmental,S&CD Strategic Projects Environmental Environmental West - Somerset Waste Partnership
1039-Kier Build Ltd,S113-Construction,B006-Construction Centre,1039-Kier Build Ltd
1245-Kier Graham Defence Ltd,S113-Construction,B056-Kier Graham Defence Ltd,1245-Kier Graham Defence Ltd
1438-P22 Framework,S113-Construction,B078-P22 Framework,1438-P22 Framework
1210-Build Strategic Alliances,S113-Construction,B079-Build Strategic Alliances,1210-Build Strategic Alliances
1095-ClearBOX Ltd,S113-Construction,B081-ClearBOX,1095-ClearBOX Ltd
C&IS Building UK ClearBox ClearBox,S113-Construction,B081-ClearBOX,C&IS Building UK ClearBox ClearBox
Corporate Functions - Strategy & Corporate Development,S114-Strategy Centre,B116-Strategy Centre,Corporate Functions - Strategy & Corporate Development
1059-Mining UK,S134-Mining,B026-Mining,1059-Mining UK
